Country_Code,Country_Name,Sport,Athletes,Medals_Won,Gold,Silver,Bronze
RUS,Russia,Archery,24,4,1,1,2
RUS,Russia,Athletics,48,12,4,3,5
RUS,Russia,Badminton,32,6,2,1,3
RUS,Russia,Basketball 3x3,32,7,2,2,3
RUS,Russia,Beach Soccer,0,0,0,0,0
RUS,Russia,Beach Volleyball,0,0,0,0,0
RUS,Russia,Boxing,57,15,5,4,6
RUS,Russia,Canoe Sprint,38,8,2,2,4
RUS,Russia,Cycling,0,0,0,0,0
RUS,Russia,Diving,25,5,1,1,3
RUS,Russia,Fencing,39,11,3,3,5
RUS,Russia,Gymnastics,47,14,4,4,6
RUS,Russia,Judo,0,0,0,0,0
RUS,Russia,Karate,47,12,4,3,5
RUS,Russia,Sambo,50,15,5,4,6
RUS,Russia,Shooting,38,11,3,3,5
RUS,Russia,Swimming,0,0,0,0,0
RUS,Russia,Synchronized Swimming,56,14,4,4,6
RUS,Russia,Table Tennis,18,4,1,1,2
RUS,Russia,Taekwondo,0,0,0,0,0
RUS,Russia,Triathlon,43,10,3,3,4
RUS,Russia,Volleyball,35,10,3,3,4
RUS,Russia,Water Polo,27,6,2,1,3
RUS,Russia,Wrestling,37,9,3,2,4
AZE,Azerbaijan,Archery,10,4,1,2,1
AZE,Azerbaijan,Athletics,45,4,0,2,2
AZE,Azerbaijan,Badminton,23,3,1,0,2
AZE,Azerbaijan,Basketball 3x3,23,3,1,0,2
AZE,Azerbaijan,Beach Soccer,22,4,1,1,2
AZE,Azerbaijan,Beach Volleyball,23,3,1,0,2
AZE,Azerbaijan,Boxing,18,10,5,2,3
AZE,Azerbaijan,Canoe Sprint,8,4,1,1,2
AZE,Azerbaijan,Cycling,13,2,0,0,2
AZE,Azerbaijan,Diving,11,2,0,0,2
AZE,Azerbaijan,Fencing,16,5,1,2,2
AZE,Azerbaijan,Gymnastics,20,3,1,0,2
AZE,Azerbaijan,Judo,22,6,2,2,2
AZE,Azerbaijan,Karate,14,3,1,0,2
AZE,Azerbaijan,Sambo,23,4,1,1,2
AZE,Azerbaijan,Shooting,15,5,2,1,2
AZE,Azerbaijan,Swimming,35,1,0,0,1
AZE,Azerbaijan,Synchronized Swimming,0,0,0,0,0
AZE,Azerbaijan,Table Tennis,0,0,0,0,0
AZE,Azerbaijan,Taekwondo,12,4,1,1,2
AZE,Azerbaijan,Triathlon,13,1,0,0,1
AZE,Azerbaijan,Volleyball,0,0,0,0,0
AZE,Azerbaijan,Water Polo,28,5,1,1,3
AZE,Azerbaijan,Wrestling,25,10,7,2,1
GBR,Great Britain,Archery,26,4,1,1,2
GBR,Great Britain,Athletics,18,4,1,1,2
GBR,Great Britain,Badminton,24,4,1,1,2
GBR,Great Britain,Basketball 3x3,20,4,1,1,2
GBR,Great Britain,Beach Soccer,19,3,1,0,2
GBR,Great Britain,Beach Volleyball,12,2,0,0,2
GBR,Great Britain,Boxing,12,1,0,0,1
GBR,Great Britain,Canoe Sprint,17,2,0,0,2
GBR,Great Britain,Cycling,13,1,0,0,1
GBR,Great Britain,Diving,0,0,0,0,0
GBR,Great Britain,Fencing,19,3,1,0,2
GBR,Great Britain,Gymnastics,18,3,1,0,2
GBR,Great Britain,Judo,14,2,0,0,2
GBR,Great Britain,Karate,12,2,0,0,2
GBR,Great Britain,Sambo,19,4,1,1,2
GBR,Great Britain,Shooting,19,4,1,1,2
GBR,Great Britain,Swimming,10,1,0,0,1
GBR,Great Britain,Synchronized Swimming,0,0,0,0,0
GBR,Great Britain,Table Tennis,20,3,1,0,2
GBR,Great Britain,Taekwondo,21,3,1,0,2
GBR,Great Britain,Triathlon,17,4,1,1,2
GBR,Great Britain,Volleyball,21,4,1,1,2
GBR,Great Britain,Water Polo,15,2,0,0,2
GBR,Great Britain,Wrestling,19,2,0,0,2
GER,Germany,Archery,22,5,1,1,3
GER,Germany,Athletics,21,3,1,0,2
GER,Germany,Badminton,21,5,1,1,3
GER,Germany,Basketball 3x3,0,0,0,0,0
GER,Germany,Beach Soccer,17,3,1,0,2
GER,Germany,Beach Volleyball,20,4,1,1,2
GER,Germany,Boxing,15,3,1,0,2
GER,Germany,Canoe Sprint,22,3,1,0,2
GER,Germany,Cycling,24,6,2,1,3
GER,Germany,Diving,18,2,0,0,2
GER,Germany,Fencing,16,3,1,0,2
GER,Germany,Gymnastics,28,6,2,1,3
GER,Germany,Judo,18,3,1,0,2
GER,Germany,Karate,17,3,1,0,2
GER,Germany,Sambo,25,5,1,1,3
GER,Germany,Shooting,16,2,0,0,2
GER,Germany,Swimming,20,3,1,0,2
GER,Germany,Synchronized Swimming,0,0,0,0,0
GER,Germany,Table Tennis,28,5,1,1,3
GER,Germany,Taekwondo,24,5,1,1,3
GER,Germany,Triathlon,20,2,0,0,2
GER,Germany,Volleyball,18,2,0,0,2
GER,Germany,Water Polo,0,0,0,0,0
GER,Germany,Wrestling,15,2,0,0,2
FRA,France,Archery,11,1,0,0,1
FRA,France,Athletics,18,3,1,0,2
FRA,France,Badminton,17,2,0,0,2
FRA,France,Basketball 3x3,22,3,1,0,2
FRA,France,Beach Soccer,0,0,0,0,0
FRA,France,Beach Volleyball,0,0,0,0,0
FRA,France,Boxing,17,1,0,0,1
FRA,France,Canoe Sprint,18,3,1,0,2
FRA,France,Cycling,0,0,0,0,0
FRA,France,Diving,16,2,0,0,2
FRA,France,Fencing,13,2,0,0,2
FRA,France,Gymnastics,18,2,0,0,2
FRA,France,Judo,0,0,0,0,0
FRA,France,Karate,12,2,0,0,2
FRA,France,Sambo,13,1,0,0,1
FRA,France,Shooting,14,2,0,0,2
FRA,France,Swimming,0,0,0,0,0
FRA,France,Synchronized Swimming,23,3,1,0,2
FRA,France,Table Tennis,13,2,0,0,2
FRA,France,Taekwondo,13,1,0,0,1
FRA,France,Triathlon,12,1,0,0,1
FRA,France,Volleyball,8,1,0,0,1
FRA,France,Water Polo,20,3,1,0,2
FRA,France,Wrestling,23,4,1,1,2
ITA,Italy,Archery,22,3,1,0,2
ITA,Italy,Athletics,17,2,0,0,2
ITA,Italy,Badminton,18,3,1,0,2
ITA,Italy,Basketball 3x3,0,0,0,0,0
ITA,Italy,Beach Soccer,21,3,1,0,2
ITA,Italy,Beach Volleyball,0,0,0,0,0
ITA,Italy,Boxing,19,2,0,0,2
ITA,Italy,Canoe Sprint,23,4,1,1,2
ITA,Italy,Cycling,12,2,0,0,2
ITA,Italy,Diving,19,2,0,0,2
ITA,Italy,Fencing,19,3,1,0,2
ITA,Italy,Gymnastics,17,4,1,1,2
ITA,Italy,Judo,23,3,1,0,2
ITA,Italy,Karate,16,3,1,0,2
ITA,Italy,Sambo,11,2,0,0,2
ITA,Italy,Shooting,14,1,0,0,1
ITA,Italy,Swimming,21,3,1,0,2
ITA,Italy,Synchronized Swimming,0,0,0,0,0
ITA,Italy,Table Tennis,11,2,0,0,2
ITA,Italy,Taekwondo,17,3,1,0,2
ITA,Italy,Triathlon,21,3,1,0,2
ITA,Italy,Volleyball,26,4,1,1,2
ITA,Italy,Water Polo,23,3,1,0,2
ITA,Italy,Wrestling,13,1,0,0,1
BLR,Belarus,Archery,11,2,0,0,2
BLR,Belarus,Athletics,18,2,0,0,2
BLR,Belarus,Badminton,9,1,0,0,1
BLR,Belarus,Basketball 3x3,14,2,0,0,2
BLR,Belarus,Beach Soccer,9,1,0,0,1
BLR,Belarus,Beach Volleyball,9,1,0,0,1
BLR,Belarus,Boxing,13,2,0,0,2
BLR,Belarus,Canoe Sprint,23,3,1,0,2
BLR,Belarus,Cycling,19,3,1,0,2
BLR,Belarus,Diving,11,1,0,0,1
BLR,Belarus,Fencing,13,1,0,0,1
BLR,Belarus,Gymnastics,22,3,1,0,2
BLR,Belarus,Judo,0,0,0,0,0
BLR,Belarus,Karate,0,0,0,0,0
BLR,Belarus,Sambo,15,3,1,0,2
BLR,Belarus,Shooting,25,4,1,1,2
BLR,Belarus,Swimming,20,3,1,0,2
BLR,Belarus,Synchronized Swimming,0,0,0,0,0
BLR,Belarus,Table Tennis,23,3,1,0,2
BLR,Belarus,Taekwondo,16,1,0,0,1
BLR,Belarus,Triathlon,22,3,1,0,2
BLR,Belarus,Volleyball,18,4,1,1,2
BLR,Belarus,Water Polo,17,4,1,1,2
BLR,Belarus,Wrestling,17,2,0,0,2
UKR,Ukraine,Archery,13,2,0,0,2
UKR,Ukraine,Athletics,20,3,1,0,2
UKR,Ukraine,Badminton,14,3,1,0,2
UKR,Ukraine,Basketball 3x3,15,3,1,0,2
UKR,Ukraine,Beach Soccer,0,0,0,0,0
UKR,Ukraine,Beach Volleyball,16,3,1,0,2
UKR,Ukraine,Boxing,14,2,0,0,2
UKR,Ukraine,Canoe Sprint,20,4,1,1,2
UKR,Ukraine,Cycling,18,2,0,0,2
UKR,Ukraine,Diving,0,0,0,0,0
UKR,Ukraine,Fencing,11,1,0,0,1
UKR,Ukraine,Gymnastics,26,4,1,1,2
UKR,Ukraine,Judo,13,2,0,0,2
UKR,Ukraine,Karate,15,2,0,0,2
UKR,Ukraine,Sambo,0,0,0,0,0
UKR,Ukraine,Shooting,19,2,0,0,2
UKR,Ukraine,Swimming,11,2,0,0,2
UKR,Ukraine,Synchronized Swimming,0,0,0,0,0
UKR,Ukraine,Table Tennis,26,4,1,1,2
UKR,Ukraine,Taekwondo,0,0,0,0,0
UKR,Ukraine,Triathlon,14,2,0,0,2
UKR,Ukraine,Volleyball,0,0,0,0,0
UKR,Ukraine,Water Polo,17,3,1,0,2
UKR,Ukraine,Wrestling,22,4,1,1,2
NED,Netherlands,Archery,10,2,0,0,2
NED,Netherlands,Athletics,9,1,0,0,1
NED,Netherlands,Badminton,0,0,0,0,0
NED,Netherlands,Basketball 3x3,0,0,0,0,0
NED,Netherlands,Beach Soccer,0,0,0,0,0
NED,Netherlands,Beach Volleyball,7,1,0,0,1
NED,Netherlands,Boxing,9,2,0,0,2
NED,Netherlands,Canoe Sprint,11,2,0,0,2
NED,Netherlands,Cycling,6,1,0,0,1
NED,Netherlands,Diving,12,2,0,0,2
NED,Netherlands,Fencing,0,0,0,0,0
NED,Netherlands,Gymnastics,0,0,0,0,0
NED,Netherlands,Judo,9,1,0,0,1
NED,Netherlands,Karate,12,2,0,0,2
NED,Netherlands,Sambo,12,2,0,0,2
NED,Netherlands,Shooting,13,2,0,0,2
NED,Netherlands,Swimming,0,0,0,0,0
NED,Netherlands,Synchronized Swimming,8,2,0,0,2
NED,Netherlands,Table Tennis,8,1,0,0,1
NED,Netherlands,Taekwondo,0,0,0,0,0
NED,Netherlands,Triathlon,0,0,0,0,0
NED,Netherlands,Volleyball,6,1,0,0,1
NED,Netherlands,Water Polo,0,0,0,0,0
NED,Netherlands,Wrestling,0,0,0,0,0
ESP,Spain,Archery,6,1,0,0,1
ESP,Spain,Athletics,13,2,0,0,2
ESP,Spain,Badminton,6,1,0,0,1
ESP,Spain,Basketball 3x3,0,0,0,0,0
ESP,Spain,Beach Soccer,7,1,0,0,1
ESP,Spain,Beach Volleyball,8,1,0,0,1
ESP,Spain,Boxing,15,3,0,1,2
ESP,Spain,Canoe Sprint,11,1,0,0,1
ESP,Spain,Cycling,11,3,0,1,2
ESP,Spain,Diving,7,2,0,0,2
ESP,Spain,Fencing,6,0,0,0,0
ESP,Spain,Gymnastics,0,0,0,0,0
ESP,Spain,Judo,11,2,0,0,2
ESP,Spain,Karate,6,1,0,0,1
ESP,Spain,Sambo,14,3,0,1,2
ESP,Spain,Shooting,11,1,0,0,1
ESP,Spain,Swimming,13,2,0,0,2
ESP,Spain,Synchronized Swimming,13,2,0,0,2
ESP,Spain,Table Tennis,11,2,0,0,2
ESP,Spain,Taekwondo,12,2,0,0,2
ESP,Spain,Triathlon,12,3,0,1,2
ESP,Spain,Volleyball,9,3,0,1,2
ESP,Spain,Water Polo,3,0,0,0,0
ESP,Spain,Wrestling,0,0,0,0,0
POL,Poland,Archery,0,0,0,0,0
POL,Poland,Athletics,5,0,0,0,0
POL,Poland,Badminton,0,0,0,0,0
POL,Poland,Basketball 3x3,9,2,0,0,2
POL,Poland,Beach Soccer,0,0,0,0,0
POL,Poland,Beach Volleyball,0,0,0,0,0
POL,Poland,Boxing,0,0,0,0,0
POL,Poland,Canoe Sprint,9,2,0,0,2
POL,Poland,Cycling,9,1,0,0,1
POL,Poland,Diving,0,0,0,0,0
POL,Poland,Fencing,10,1,0,0,1
POL,Poland,Gymnastics,0,0,0,0,0
POL,Poland,Judo,5,1,0,0,1
POL,Poland,Karate,7,1,0,0,1
POL,Poland,Sambo,10,1,0,0,1
POL,Poland,Shooting,8,2,0,0,2
POL,Poland,Swimming,8,2,0,0,2
POL,Poland,Synchronized Swimming,7,1,0,0,1
POL,Poland,Table Tennis,11,1,0,0,1
POL,Poland,Taekwondo,7,1,0,0,1
POL,Poland,Triathlon,9,2,0,0,2
POL,Poland,Volleyball,9,0,0,0,0
POL,Poland,Water Polo,9,0,0,0,0
POL,Poland,Wrestling,0,0,0,0,0
HUN,Hungary,Archery,9,2,0,0,2
HUN,Hungary,Athletics,10,2,0,0,2
HUN,Hungary,Badminton,12,2,0,0,2
HUN,Hungary,Basketball 3x3,10,1,0,0,1
HUN,Hungary,Beach Soccer,6,1,0,0,1
HUN,Hungary,Beach Volleyball,0,0,0,0,0
HUN,Hungary,Boxing,0,0,0,0,0
HUN,Hungary,Canoe Sprint,11,1,0,0,1
HUN,Hungary,Cycling,0,0,0,0,0
HUN,Hungary,Diving,9,1,0,0,1
HUN,Hungary,Fencing,5,0,0,0,0
HUN,Hungary,Gymnastics,8,1,0,0,1
HUN,Hungary,Judo,6,0,0,0,0
HUN,Hungary,Karate,0,0,0,0,0
HUN,Hungary,Sambo,0,0,0,0,0
HUN,Hungary,Shooting,10,2,0,0,2
HUN,Hungary,Swimming,0,0,0,0,0
HUN,Hungary,Synchronized Swimming,0,0,0,0,0
HUN,Hungary,Table Tennis,9,0,0,0,0
HUN,Hungary,Taekwondo,5,1,0,0,1
HUN,Hungary,Triathlon,13,2,0,0,2
HUN,Hungary,Volleyball,0,0,0,0,0
HUN,Hungary,Water Polo,0,0,0,0,0
HUN,Hungary,Wrestling,0,0,0,0,0
TUR,Turkey,Archery,0,0,0,0,0
TUR,Turkey,Athletics,8,1,0,0,1
TUR,Turkey,Badminton,0,0,0,0,0
TUR,Turkey,Basketball 3x3,8,2,0,0,2
TUR,Turkey,Beach Soccer,0,0,0,0,0
TUR,Turkey,Beach Volleyball,6,0,0,0,0
TUR,Turkey,Boxing,7,1,0,0,1
TUR,Turkey,Canoe Sprint,13,2,0,0,2
TUR,Turkey,Cycling,0,0,0,0,0
TUR,Turkey,Diving,9,3,0,1,2
TUR,Turkey,Fencing,0,0,0,0,0
TUR,Turkey,Gymnastics,12,2,0,0,2
TUR,Turkey,Judo,13,2,0,0,2
TUR,Turkey,Karate,0,0,0,0,0
TUR,Turkey,Sambo,0,0,0,0,0
TUR,Turkey,Shooting,8,2,0,0,2
TUR,Turkey,Swimming,11,1,0,0,1
TUR,Turkey,Synchronized Swimming,0,0,0,0,0
TUR,Turkey,Table Tennis,10,2,0,0,2
TUR,Turkey,Taekwondo,9,2,0,0,2
TUR,Turkey,Triathlon,0,0,0,0,0
TUR,Turkey,Volleyball,9,0,0,0,0
TUR,Turkey,Water Polo,0,0,0,0,0
TUR,Turkey,Wrestling,0,0,0,0,0
BEL,Belgium,Archery,4,0,0,0,0
BEL,Belgium,Athletics,0,0,0,0,0
BEL,Belgium,Badminton,0,0,0,0,0
BEL,Belgium,Basketball 3x3,6,1,0,0,1
BEL,Belgium,Beach Soccer,10,1,0,0,1
BEL,Belgium,Beach Volleyball,0,0,0,0,0
BEL,Belgium,Boxing,10,1,0,0,1
BEL,Belgium,Canoe Sprint,8,0,0,0,0
BEL,Belgium,Cycling,0,0,0,0,0
BEL,Belgium,Diving,0,0,0,0,0
BEL,Belgium,Fencing,10,1,0,0,1
BEL,Belgium,Gymnastics,9,1,0,0,1
BEL,Belgium,Judo,0,0,0,0,0
BEL,Belgium,Karate,9,1,0,0,1
BEL,Belgium,Sambo,10,2,0,0,2
BEL,Belgium,Shooting,11,1,0,0,1
BEL,Belgium,Swimming,0,0,0,0,0
BEL,Belgium,Synchronized Swimming,8,1,0,0,1
BEL,Belgium,Table Tennis,13,2,0,0,2
BEL,Belgium,Taekwondo,0,0,0,0,0
BEL,Belgium,Triathlon,8,0,0,0,0
BEL,Belgium,Volleyball,7,0,0,0,0
BEL,Belgium,Water Polo,8,2,0,0,2
BEL,Belgium,Wrestling,6,1,0,0,1
SUI,Switzerland,Archery,0,0,0,0,0
SUI,Switzerland,Athletics,11,1,0,0,1
SUI,Switzerland,Badminton,3,0,0,0,0
SUI,Switzerland,Basketball 3x3,5,1,0,0,1
SUI,Switzerland,Beach Soccer,0,0,0,0,0
SUI,Switzerland,Beach Volleyball,5,1,0,0,1
SUI,Switzerland,Boxing,6,0,0,0,0
SUI,Switzerland,Canoe Sprint,5,1,0,0,1
SUI,Switzerland,Cycling,0,0,0,0,0
SUI,Switzerland,Diving,9,0,0,0,0
SUI,Switzerland,Fencing,5,0,0,0,0
SUI,Switzerland,Gymnastics,8,1,0,0,1
SUI,Switzerland,Judo,9,1,0,0,1
SUI,Switzerland,Karate,0,0,0,0,0
SUI,Switzerland,Sambo,8,1,0,0,1
SUI,Switzerland,Shooting,8,1,0,0,1
SUI,Switzerland,Swimming,9,1,0,0,1
SUI,Switzerland,Synchronized Swimming,0,0,0,0,0
SUI,Switzerland,Table Tennis,0,0,0,0,0
SUI,Switzerland,Taekwondo,6,0,0,0,0
SUI,Switzerland,Triathlon,6,1,0,0,1
SUI,Switzerland,Volleyball,0,0,0,0,0
SUI,Switzerland,Water Polo,0,0,0,0,0
SUI,Switzerland,Wrestling,6,1,0,0,1
ROU,Romania,Archery,11,1,0,0,1
ROU,Romania,Athletics,10,1,0,0,1
ROU,Romania,Badminton,8,1,0,0,1
ROU,Romania,Basketball 3x3,0,0,0,0,0
ROU,Romania,Beach Soccer,0,0,0,0,0
ROU,Romania,Beach Volleyball,5,0,0,0,0
ROU,Romania,Boxing,0,0,0,0,0
ROU,Romania,Canoe Sprint,6,0,0,0,0
ROU,Romania,Cycling,10,1,0,0,1
ROU,Romania,Diving,0,0,0,0,0
ROU,Romania,Fencing,0,0,0,0,0
ROU,Romania,Gymnastics,4,0,0,0,0
ROU,Romania,Judo,7,0,0,0,0
ROU,Romania,Karate,10,1,0,0,1
ROU,Romania,Sambo,0,0,0,0,0
ROU,Romania,Shooting,10,1,0,0,1
ROU,Romania,Swimming,9,0,0,0,0
ROU,Romania,Synchronized Swimming,0,0,0,0,0
ROU,Romania,Table Tennis,11,1,0,0,1
ROU,Romania,Taekwondo,5,0,0,0,0
ROU,Romania,Triathlon,0,0,0,0,0
ROU,Romania,Volleyball,6,1,0,0,1
ROU,Romania,Water Polo,0,0,0,0,0
ROU,Romania,Wrestling,6,1,0,0,1
GRE,Greece,Archery,0,0,0,0,0
GRE,Greece,Athletics,0,0,0,0,0
GRE,Greece,Badminton,10,1,0,0,1
GRE,Greece,Basketball 3x3,0,0,0,0,0
GRE,Greece,Beach Soccer,6,1,0,0,1
GRE,Greece,Beach Volleyball,0,0,0,0,0
GRE,Greece,Boxing,6,0,0,0,0
GRE,Greece,Canoe Sprint,0,0,0,0,0
GRE,Greece,Cycling,0,0,0,0,0
GRE,Greece,Diving,8,0,0,0,0
GRE,Greece,Fencing,5,0,0,0,0
GRE,Greece,Gymnastics,0,0,0,0,0
GRE,Greece,Judo,0,0,0,0,0
GRE,Greece,Karate,9,0,0,0,0
GRE,Greece,Sambo,11,1,0,0,1
GRE,Greece,Shooting,0,0,0,0,0
GRE,Greece,Swimming,8,0,0,0,0
GRE,Greece,Synchronized Swimming,5,1,0,0,1
GRE,Greece,Table Tennis,6,1,0,0,1
GRE,Greece,Taekwondo,6,1,0,0,1
GRE,Greece,Triathlon,7,0,0,0,0
GRE,Greece,Volleyball,8,1,0,0,1
GRE,Greece,Water Polo,0,0,0,0,0
GRE,Greece,Wrestling,0,0,0,0,0
SWE,Sweden,Archery,7,0,0,0,0
SWE,Sweden,Athletics,0,0,0,0,0
SWE,Sweden,Badminton,0,0,0,0,0
SWE,Sweden,Basketball 3x3,8,1,0,0,1
SWE,Sweden,Beach Soccer,3,0,0,0,0
SWE,Sweden,Beach Volleyball,5,1,0,0,1
SWE,Sweden,Boxing,9,1,0,0,1
SWE,Sweden,Canoe Sprint,0,0,0,0,0
SWE,Sweden,Cycling,5,1,0,0,1
SWE,Sweden,Diving,0,0,0,0,0
SWE,Sweden,Fencing,6,0,0,0,0
SWE,Sweden,Gymnastics,0,0,0,0,0
SWE,Sweden,Judo,8,0,0,0,0
SWE,Sweden,Karate,6,1,0,0,1
SWE,Sweden,Sambo,4,0,0,0,0
SWE,Sweden,Shooting,0,0,0,0,0
SWE,Sweden,Swimming,11,1,0,0,1
SWE,Sweden,Synchronized Swimming,9,1,0,0,1
SWE,Sweden,Table Tennis,0,0,0,0,0
SWE,Sweden,Taekwondo,0,0,0,0,0
SWE,Sweden,Triathlon,5,0,0,0,0
SWE,Sweden,Volleyball,0,0,0,0,0
SWE,Sweden,Water Polo,9,1,0,0,1
SWE,Sweden,Wrestling,9,0,0,0,0
CZE,Czech Republic,Archery,10,1,0,0,1
CZE,Czech Republic,Athletics,0,0,0,0,0
CZE,Czech Republic,Badminton,0,0,0,0,0
CZE,Czech Republic,Basketball 3x3,0,0,0,0,0
CZE,Czech Republic,Beach Soccer,9,0,0,0,0
CZE,Czech Republic,Beach Volleyball,7,1,0,0,1
CZE,Czech Republic,Boxing,0,0,0,0,0
CZE,Czech Republic,Canoe Sprint,9,1,0,0,1
CZE,Czech Republic,Cycling,10,1,0,0,1
CZE,Czech Republic,Diving,0,0,0,0,0
CZE,Czech Republic,Fencing,8,0,0,0,0
CZE,Czech Republic,Gymnastics,8,1,0,0,1
CZE,Czech Republic,Judo,7,1,0,0,1
CZE,Czech Republic,Karate,6,1,0,0,1
CZE,Czech Republic,Sambo,9,0,0,0,0
CZE,Czech Republic,Shooting,0,0,0,0,0
CZE,Czech Republic,Swimming,3,0,0,0,0
CZE,Czech Republic,Synchronized Swimming,6,1,0,0,1
CZE,Czech Republic,Table Tennis,8,0,0,0,0
CZE,Czech Republic,Taekwondo,5,0,0,0,0
CZE,Czech Republic,Triathlon,5,1,0,0,1
CZE,Czech Republic,Volleyball,8,1,0,0,1
CZE,Czech Republic,Water Polo,0,0,0,0,0
CZE,Czech Republic,Wrestling,8,0,0,0,0
DEN,Denmark,Archery,8,1,0,0,1
DEN,Denmark,Athletics,5,0,0,0,0
DEN,Denmark,Badminton,4,0,0,0,0
DEN,Denmark,Basketball 3x3,0,0,0,0,0
DEN,Denmark,Beach Soccer,3,0,0,0,0
DEN,Denmark,Beach Volleyball,0,0,0,0,0
DEN,Denmark,Boxing,10,1,0,0,1
DEN,Denmark,Canoe Sprint,8,0,0,0,0
DEN,Denmark,Cycling,0,0,0,0,0
DEN,Denmark,Diving,7,0,0,0,0
DEN,Denmark,Fencing,0,0,0,0,0
DEN,Denmark,Gymnastics,11,1,0,0,1
DEN,Denmark,Judo,0,0,0,0,0
DEN,Denmark,Karate,0,0,0,0,0
DEN,Denmark,Sambo,7,1,0,0,1
DEN,Denmark,Shooting,5,0,0,0,0
DEN,Denmark,Swimming,0,0,0,0,0
DEN,Denmark,Synchronized Swimming,8,0,0,0,0
DEN,Denmark,Table Tennis,8,0,0,0,0
DEN,Denmark,Taekwondo,7,1,0,0,1
DEN,Denmark,Triathlon,5,0,0,0,0
DEN,Denmark,Volleyball,0,0,0,0,0
DEN,Denmark,Water Polo,3,0,0,0,0
DEN,Denmark,Wrestling,7,0,0,0,0
AUT,Austria,Archery,0,0,0,0,0
AUT,Austria,Athletics,10,1,0,0,1
AUT,Austria,Badminton,0,0,0,0,0
AUT,Austria,Basketball 3x3,0,0,0,0,0
AUT,Austria,Beach Soccer,0,0,0,0,0
AUT,Austria,Beach Volleyball,4,0,0,0,0
AUT,Austria,Boxing,0,0,0,0,0
AUT,Austria,Canoe Sprint,0,0,0,0,0
AUT,Austria,Cycling,5,1,0,0,1
AUT,Austria,Diving,0,0,0,0,0
AUT,Austria,Fencing,7,1,0,0,1
AUT,Austria,Gymnastics,4,0,0,0,0
AUT,Austria,Judo,7,1,0,0,1
AUT,Austria,Karate,8,0,0,0,0
AUT,Austria,Sambo,3,0,0,0,0
AUT,Austria,Shooting,10,1,0,0,1
AUT,Austria,Swimming,10,1,0,0,1
AUT,Austria,Synchronized Swimming,7,0,0,0,0
AUT,Austria,Table Tennis,8,1,0,0,1
AUT,Austria,Taekwondo,0,0,0,0,0
AUT,Austria,Triathlon,8,1,0,0,1
AUT,Austria,Volleyball,7,1,0,0,1
AUT,Austria,Water Polo,0,0,0,0,0
AUT,Austria,Wrestling,0,0,0,0,0
CRO,Croatia,Archery,0,0,0,0,0
CRO,Croatia,Athletics,0,0,0,0,0
CRO,Croatia,Badminton,6,1,0,0,1
CRO,Croatia,Basketball 3x3,7,1,0,0,1
CRO,Croatia,Beach Soccer,0,0,0,0,0
CRO,Croatia,Beach Volleyball,0,0,0,0,0
CRO,Croatia,Boxing,0,0,0,0,0
CRO,Croatia,Canoe Sprint,6,1,0,0,1
CRO,Croatia,Cycling,7,1,0,0,1
CRO,Croatia,Diving,0,0,0,0,0
CRO,Croatia,Fencing,9,0,0,0,0
CRO,Croatia,Gymnastics,0,0,0,0,0
CRO,Croatia,Judo,3,0,0,0,0
CRO,Croatia,Karate,0,0,0,0,0
CRO,Croatia,Sambo,3,0,0,0,0
CRO,Croatia,Shooting,7,0,0,0,0
CRO,Croatia,Swimming,0,0,0,0,0
CRO,Croatia,Synchronized Swimming,0,0,0,0,0
CRO,Croatia,Table Tennis,0,0,0,0,0
CRO,Croatia,Taekwondo,5,1,0,0,1
CRO,Croatia,Triathlon,11,1,0,0,1
CRO,Croatia,Volleyball,0,0,0,0,0
CRO,Croatia,Water Polo,9,0,0,0,0
CRO,Croatia,Wrestling,0,0,0,0,0
GEO,Georgia,Archery,3,1,0,0,1
GEO,Georgia,Athletics,0,0,0,0,0
GEO,Georgia,Badminton,6,0,0,0,0
GEO,Georgia,Basketball 3x3,0,0,0,0,0
GEO,Georgia,Beach Soccer,0,0,0,0,0
GEO,Georgia,Beach Volleyball,0,0,0,0,0
GEO,Georgia,Boxing,0,0,0,0,0
GEO,Georgia,Canoe Sprint,3,2,0,1,0
GEO,Georgia,Cycling,0,0,0,0,0
GEO,Georgia,Diving,0,0,0,0,0
GEO,Georgia,Fencing,0,0,0,0,0
GEO,Georgia,Gymnastics,0,0,0,0,0
GEO,Georgia,Judo,0,0,0,0,0
GEO,Georgia,Karate,0,0,0,0,0
GEO,Georgia,Sambo,0,0,0,0,0
GEO,Georgia,Shooting,0,0,0,0,0
GEO,Georgia,Swimming,0,0,0,0,0
GEO,Georgia,Synchronized Swimming,0,0,0,0,0
GEO,Georgia,Table Tennis,0,0,0,0,0
GEO,Georgia,Taekwondo,0,0,0,0,0
GEO,Georgia,Triathlon,7,0,0,0,0
GEO,Georgia,Volleyball,0,0,0,0,0
GEO,Georgia,Water Polo,4,1,0,0,1
GEO,Georgia,Wrestling,0,0,0,0,0
SRB,Serbia,Archery,0,0,0,0,0
SRB,Serbia,Athletics,9,0,0,0,0
SRB,Serbia,Badminton,8,1,0,0,1
SRB,Serbia,Basketball 3x3,6,0,0,0,0
SRB,Serbia,Beach Soccer,0,0,0,0,0
SRB,Serbia,Beach Volleyball,6,0,0,0,0
SRB,Serbia,Boxing,0,0,0,0,0
SRB,Serbia,Canoe Sprint,6,0,0,0,0
SRB,Serbia,Cycling,0,0,0,0,0
SRB,Serbia,Diving,0,0,0,0,0
SRB,Serbia,Fencing,11,1,0,0,1
SRB,Serbia,Gymnastics,11,1,0,0,1
SRB,Serbia,Judo,0,0,0,0,0
SRB,Serbia,Karate,5,1,0,0,1
SRB,Serbia,Sambo,0,0,0,0,0
SRB,Serbia,Shooting,6,0,0,0,0
SRB,Serbia,Swimming,9,0,0,0,0
SRB,Serbia,Synchronized Swimming,9,1,0,0,1
SRB,Serbia,Table Tennis,5,0,0,0,0
SRB,Serbia,Taekwondo,0,0,0,0,0
SRB,Serbia,Triathlon,9,0,0,0,0
SRB,Serbia,Volleyball,0,0,0,0,0
SRB,Serbia,Water Polo,6,0,0,0,0
SRB,Serbia,Wrestling,0,0,0,0,0
IRL,Ireland,Archery,0,0,0,0,0
IRL,Ireland,Athletics,0,0,0,0,0
IRL,Ireland,Badminton,0,0,0,0,0
IRL,Ireland,Basketball 3x3,0,0,0,0,0
IRL,Ireland,Beach Soccer,0,0,0,0,0
IRL,Ireland,Beach Volleyball,0,0,0,0,0
IRL,Ireland,Boxing,0,0,0,0,0
IRL,Ireland,Canoe Sprint,0,0,0,0,0
IRL,Ireland,Cycling,0,0,0,0,0
IRL,Ireland,Diving,5,1,0,0,1
IRL,Ireland,Fencing,7,1,0,0,1
IRL,Ireland,Gymnastics,0,0,0,0,0
IRL,Ireland,Judo,6,1,0,0,1
IRL,Ireland,Karate,0,0,0,0,0
IRL,Ireland,Sambo,0,0,0,0,0
IRL,Ireland,Shooting,0,0,0,0,0
IRL,Ireland,Swimming,6,0,0,0,0
IRL,Ireland,Synchronized Swimming,4,0,0,0,0
IRL,Ireland,Table Tennis,0,0,0,0,0
IRL,Ireland,Taekwondo,3,2,0,1,0
IRL,Ireland,Triathlon,0,0,0,0,0
IRL,Ireland,Volleyball,0,0,0,0,0
IRL,Ireland,Water Polo,0,0,0,0,0
IRL,Ireland,Wrestling,0,0,0,0,0
ISR,Israel,Archery,7,1,0,0,1
ISR,Israel,Athletics,0,0,0,0,0
ISR,Israel,Badminton,6,2,0,1,0
ISR,Israel,Basketball 3x3,4,0,0,0,0
ISR,Israel,Beach Soccer,7,0,0,0,0
ISR,Israel,Beach Volleyball,0,0,0,0,0
ISR,Israel,Boxing,7,1,0,0,1
ISR,Israel,Canoe Sprint,4,2,0,1,0
ISR,Israel,Cycling,7,0,0,0,0
ISR,Israel,Diving,0,0,0,0,0
ISR,Israel,Fencing,0,0,0,0,0
ISR,Israel,Gymnastics,0,0,0,0,0
ISR,Israel,Judo,4,1,0,0,1
ISR,Israel,Karate,0,0,0,0,0
ISR,Israel,Sambo,6,0,0,0,0
ISR,Israel,Shooting,0,0,0,0,0
ISR,Israel,Swimming,0,0,0,0,0
ISR,Israel,Synchronized Swimming,0,0,0,0,0
ISR,Israel,Table Tennis,0,0,0,0,0
ISR,Israel,Taekwondo,0,0,0,0,0
ISR,Israel,Triathlon,7,0,0,0,0
ISR,Israel,Volleyball,3,0,0,0,0
ISR,Israel,Water Polo,0,0,0,0,0
ISR,Israel,Wrestling,0,0,0,0,0
POR,Portugal,Archery,4,0,0,0,0
POR,Portugal,Athletics,0,0,0,0,0
POR,Portugal,Badminton,6,2,0,1,0
POR,Portugal,Basketball 3x3,0,0,0,0,0
POR,Portugal,Beach Soccer,0,0,0,0,0
POR,Portugal,Beach Volleyball,0,0,0,0,0
POR,Portugal,Boxing,0,0,0,0,0
POR,Portugal,Canoe Sprint,3,1,0,0,1
POR,Portugal,Cycling,0,0,0,0,0
POR,Portugal,Diving,0,0,0,0,0
POR,Portugal,Fencing,0,0,0,0,0
POR,Portugal,Gymnastics,0,0,0,0,0
POR,Portugal,Judo,0,0,0,0,0
POR,Portugal,Karate,0,0,0,0,0
POR,Portugal,Sambo,0,0,0,0,0
POR,Portugal,Shooting,0,0,0,0,0
POR,Portugal,Swimming,5,1,0,0,1
POR,Portugal,Synchronized Swimming,0,0,0,0,0
POR,Portugal,Table Tennis,4,0,0,0,0
POR,Portugal,Taekwondo,0,0,0,0,0
POR,Portugal,Triathlon,0,0,0,0,0
POR,Portugal,Volleyball,4,0,0,0,0
POR,Portugal,Water Polo,0,0,0,0,0
POR,Portugal,Wrestling,0,0,0,0,0
SLO,Slovenia,Archery,0,0,0,0,0
SLO,Slovenia,Athletics,4,1,0,0,1
SLO,Slovenia,Badminton,0,0,0,0,0
SLO,Slovenia,Basketball 3x3,4,1,0,0,1
SLO,Slovenia,Beach Soccer,0,0,0,0,0
SLO,Slovenia,Beach Volleyball,5,1,0,0,1
SLO,Slovenia,Boxing,0,0,0,0,0
SLO,Slovenia,Canoe Sprint,0,0,0,0,0
SLO,Slovenia,Cycling,7,0,0,0,0
SLO,Slovenia,Diving,0,0,0,0,0
SLO,Slovenia,Fencing,4,0,0,0,0
SLO,Slovenia,Gymnastics,0,0,0,0,0
SLO,Slovenia,Judo,0,0,0,0,0
SLO,Slovenia,Karate,7,1,0,0,1
SLO,Slovenia,Sambo,7,1,0,0,1
SLO,Slovenia,Shooting,0,0,0,0,0
SLO,Slovenia,Swimming,6,1,0,0,1
SLO,Slovenia,Synchronized Swimming,3,0,0,0,0
SLO,Slovenia,Table Tennis,7,0,0,0,0
SLO,Slovenia,Taekwondo,0,0,0,0,0
SLO,Slovenia,Triathlon,4,0,0,0,0
SLO,Slovenia,Volleyball,4,0,0,0,0
SLO,Slovenia,Water Polo,0,0,0,0,0
SLO,Slovenia,Wrestling,0,0,0,0,0
LTU,Lithuania,Archery,0,0,0,0,0
LTU,Lithuania,Athletics,0,0,0,0,0
LTU,Lithuania,Badminton,0,0,0,0,0
LTU,Lithuania,Basketball 3x3,0,0,0,0,0
LTU,Lithuania,Beach Soccer,0,0,0,0,0
LTU,Lithuania,Beach Volleyball,5,1,0,0,1
LTU,Lithuania,Boxing,0,0,0,0,0
LTU,Lithuania,Canoe Sprint,0,0,0,0,0
LTU,Lithuania,Cycling,0,0,0,0,0
LTU,Lithuania,Diving,0,0,0,0,0
LTU,Lithuania,Fencing,6,1,0,0,1
LTU,Lithuania,Gymnastics,0,0,0,0,0
LTU,Lithuania,Judo,3,0,0,0,0
LTU,Lithuania,Karate,5,1,0,0,1
LTU,Lithuania,Sambo,0,0,0,0,0
LTU,Lithuania,Shooting,0,0,0,0,0
LTU,Lithuania,Swimming,0,0,0,0,0
LTU,Lithuania,Synchronized Swimming,7,0,0,0,0
LTU,Lithuania,Table Tennis,5,1,0,0,1
LTU,Lithuania,Taekwondo,0,0,0,0,0
LTU,Lithuania,Triathlon,0,0,0,0,0
LTU,Lithuania,Volleyball,6,1,0,0,1
LTU,Lithuania,Water Polo,0,0,0,0,0
LTU,Lithuania,Wrestling,0,0,0,0,0
SVK,Slovakia,Archery,4,0,0,0,0
SVK,Slovakia,Athletics,3,1,0,0,1
SVK,Slovakia,Badminton,0,0,0,0,0
SVK,Slovakia,Basketball 3x3,0,0,0,0,0
SVK,Slovakia,Beach Soccer,0,0,0,0,0
SVK,Slovakia,Beach Volleyball,0,0,0,0,0
SVK,Slovakia,Boxing,3,0,0,0,0
SVK,Slovakia,Canoe Sprint,0,0,0,0,0
SVK,Slovakia,Cycling,6,1,0,0,1
SVK,Slovakia,Diving,7,2,0,1,0
SVK,Slovakia,Fencing,0,0,0,0,0
SVK,Slovakia,Gymnastics,0,0,0,0,0
SVK,Slovakia,Judo,5,1,0,0,1
SVK,Slovakia,Karate,6,2,0,1,0
SVK,Slovakia,Sambo,0,0,0,0,0
SVK,Slovakia,Shooting,0,0,0,0,0
SVK,Slovakia,Swimming,0,0,0,0,0
SVK,Slovakia,Synchronized Swimming,0,0,0,0,0
SVK,Slovakia,Table Tennis,0,0,0,0,0
SVK,Slovakia,Taekwondo,7,2,0,1,0
SVK,Slovakia,Triathlon,0,0,0,0,0
SVK,Slovakia,Volleyball,0,0,0,0,0
SVK,Slovakia,Water Polo,0,0,0,0,0
SVK,Slovakia,Wrestling,0,0,0,0,0
ARM,Armenia,Archery,7,2,0,1,0
ARM,Armenia,Athletics,3,1,0,0,1
ARM,Armenia,Badminton,0,0,0,0,0
ARM,Armenia,Basketball 3x3,0,0,0,0,0
ARM,Armenia,Beach Soccer,0,0,0,0,0
ARM,Armenia,Beach Volleyball,7,2,0,1,0
ARM,Armenia,Boxing,3,2,0,1,0
ARM,Armenia,Canoe Sprint,0,0,0,0,0
ARM,Armenia,Cycling,7,2,0,1,0
ARM,Armenia,Diving,0,0,0,0,0
ARM,Armenia,Fencing,0,0,0,0,0
ARM,Armenia,Gymnastics,0,0,0,0,0
ARM,Armenia,Judo,0,0,0,0,0
ARM,Armenia,Karate,3,1,0,0,1
ARM,Armenia,Sambo,0,0,0,0,0
ARM,Armenia,Shooting,7,0,0,0,0
ARM,Armenia,Swimming,0,0,0,0,0
ARM,Armenia,Synchronized Swimming,3,0,0,0,0
ARM,Armenia,Table Tennis,0,0,0,0,0
ARM,Armenia,Taekwondo,7,0,0,0,0
ARM,Armenia,Triathlon,0,0,0,0,0
ARM,Armenia,Volleyball,0,0,0,0,0
ARM,Armenia,Water Polo,0,0,0,0,0
ARM,Armenia,Wrestling,0,0,0,0,0
EST,Estonia,Archery,0,0,0,0,0
EST,Estonia,Athletics,0,0,0,0,0
EST,Estonia,Badminton,3,2,0,1,0
EST,Estonia,Basketball 3x3,0,0,0,0,0
EST,Estonia,Beach Soccer,5,0,0,0,0
EST,Estonia,Beach Volleyball,4,2,0,1,0
EST,Estonia,Boxing,0,0,0,0,0
EST,Estonia,Canoe Sprint,6,0,0,0,0
EST,Estonia,Cycling,3,1,0,0,1
EST,Estonia,Diving,6,2,0,1,0
EST,Estonia,Fencing,0,0,0,0,0
EST,Estonia,Gymnastics,5,0,0,0,0
EST,Estonia,Judo,0,0,0,0,0
EST,Estonia,Karate,0,0,0,0,0
EST,Estonia,Sambo,0,0,0,0,0
EST,Estonia,Shooting,4,0,0,0,0
EST,Estonia,Swimming,0,0,0,0,0
EST,Estonia,Synchronized Swimming,0,0,0,0,0
EST,Estonia,Table Tennis,0,0,0,0,0
EST,Estonia,Taekwondo,0,0,0,0,0
EST,Estonia,Triathlon,0,0,0,0,0
EST,Estonia,Volleyball,4,2,0,1,0
EST,Estonia,Water Polo,7,2,0,1,0
EST,Estonia,Wrestling,0,0,0,0,0
FIN,Finland,Archery,0,0,0,0,0
FIN,Finland,Athletics,0,0,0,0,0
FIN,Finland,Badminton,0,0,0,0,0
FIN,Finland,Basketball 3x3,0,0,0,0,0
FIN,Finland,Beach Soccer,0,0,0,0,0
FIN,Finland,Beach Volleyball,0,0,0,0,0
FIN,Finland,Boxing,4,2,0,1,0
FIN,Finland,Canoe Sprint,3,2,0,1,0
FIN,Finland,Cycling,0,0,0,0,0
FIN,Finland,Diving,0,0,0,0,0
FIN,Finland,Fencing,6,2,0,1,0
FIN,Finland,Gymnastics,0,0,0,0,0
FIN,Finland,Judo,5,1,0,0,1
FIN,Finland,Karate,0,0,0,0,0
FIN,Finland,Sambo,0,0,0,0,0
FIN,Finland,Shooting,3,2,0,1,0
FIN,Finland,Swimming,0,0,0,0,0
FIN,Finland,Synchronized Swimming,3,1,0,0,1
FIN,Finland,Table Tennis,0,0,0,0,0
FIN,Finland,Taekwondo,6,1,0,0,1
FIN,Finland,Triathlon,7,2,0,1,0
FIN,Finland,Volleyball,0,0,0,0,0
FIN,Finland,Water Polo,0,0,0,0,0
FIN,Finland,Wrestling,0,0,0,0,0
NOR,Norway,Archery,0,0,0,0,0
NOR,Norway,Athletics,0,0,0,0,0
NOR,Norway,Badminton,7,1,0,0,1
NOR,Norway,Basketball 3x3,7,2,0,1,0
NOR,Norway,Beach Soccer,0,0,0,0,0
NOR,Norway,Beach Volleyball,3,2,0,1,0
NOR,Norway,Boxing,0,0,0,0,0
NOR,Norway,Canoe Sprint,0,0,0,0,0
NOR,Norway,Cycling,4,2,0,1,0
NOR,Norway,Diving,0,0,0,0,0
NOR,Norway,Fencing,0,0,0,0,0
NOR,Norway,Gymnastics,6,1,0,0,1
NOR,Norway,Judo,0,0,0,0,0
NOR,Norway,Karate,0,0,0,0,0
NOR,Norway,Sambo,7,1,0,0,1
NOR,Norway,Shooting,0,0,0,0,0
NOR,Norway,Swimming,0,0,0,0,0
NOR,Norway,Synchronized Swimming,0,0,0,0,0
NOR,Norway,Table Tennis,5,1,0,0,1
NOR,Norway,Taekwondo,6,2,0,1,0
NOR,Norway,Triathlon,0,0,0,0,0
NOR,Norway,Volleyball,0,0,0,0,0
NOR,Norway,Water Polo,0,0,0,0,0
NOR,Norway,Wrestling,0,0,0,0,0
LAT,Latvia,Archery,0,0,0,0,0
LAT,Latvia,Athletics,0,0,0,0,0
LAT,Latvia,Badminton,0,0,0,0,0
LAT,Latvia,Basketball 3x3,0,0,0,0,0
LAT,Latvia,Beach Soccer,6,1,0,0,1
LAT,Latvia,Beach Volleyball,0,0,0,0,0
LAT,Latvia,Boxing,0,0,0,0,0
LAT,Latvia,Canoe Sprint,0,0,0,0,0
LAT,Latvia,Cycling,0,0,0,0,0
LAT,Latvia,Diving,0,0,0,0,0
LAT,Latvia,Fencing,0,0,0,0,0
LAT,Latvia,Gymnastics,0,0,0,0,0
LAT,Latvia,Judo,0,0,0,0,0
LAT,Latvia,Karate,0,0,0,0,0
LAT,Latvia,Sambo,0,0,0,0,0
LAT,Latvia,Shooting,4,0,0,0,0
LAT,Latvia,Swimming,0,0,0,0,0
LAT,Latvia,Synchronized Swimming,0,0,0,0,0
LAT,Latvia,Table Tennis,0,0,0,0,0
LAT,Latvia,Taekwondo,0,0,0,0,0
LAT,Latvia,Triathlon,0,0,0,0,0
LAT,Latvia,Volleyball,0,0,0,0,0
LAT,Latvia,Water Polo,0,0,0,0,0
LAT,Latvia,Wrestling,6,1,0,0,1
BUL,Bulgaria,Archery,0,0,0,0,0
BUL,Bulgaria,Athletics,6,2,0,1,0
BUL,Bulgaria,Badminton,0,0,0,0,0
BUL,Bulgaria,Basketball 3x3,0,0,0,0,0
BUL,Bulgaria,Beach Soccer,3,0,0,0,0
BUL,Bulgaria,Beach Volleyball,0,0,0,0,0
BUL,Bulgaria,Boxing,0,0,0,0,0
BUL,Bulgaria,Canoe Sprint,7,2,0,1,0
BUL,Bulgaria,Cycling,0,0,0,0,0
BUL,Bulgaria,Diving,0,0,0,0,0
BUL,Bulgaria,Fencing,0,0,0,0,0
BUL,Bulgaria,Gymnastics,0,0,0,0,0
BUL,Bulgaria,Judo,0,0,0,0,0
BUL,Bulgaria,Karate,0,0,0,0,0
BUL,Bulgaria,Sambo,0,0,0,0,0
BUL,Bulgaria,Shooting,6,2,0,1,0
BUL,Bulgaria,Swimming,4,1,0,0,1
BUL,Bulgaria,Synchronized Swimming,0,0,0,0,0
BUL,Bulgaria,Table Tennis,0,0,0,0,0
BUL,Bulgaria,Taekwondo,0,0,0,0,0
BUL,Bulgaria,Triathlon,7,2,0,1,0
BUL,Bulgaria,Volleyball,0,0,0,0,0
BUL,Bulgaria,Water Polo,0,0,0,0,0
BUL,Bulgaria,Wrestling,6,1,0,0,1
MDA,Moldova,Archery,4,2,0,1,0
MDA,Moldova,Athletics,0,0,0,0,0
MDA,Moldova,Badminton,6,2,0,1,0
MDA,Moldova,Basketball 3x3,0,0,0,0,0
MDA,Moldova,Beach Soccer,0,0,0,0,0
MDA,Moldova,Beach Volleyball,0,0,0,0,0
MDA,Moldova,Boxing,7,2,0,1,0
MDA,Moldova,Canoe Sprint,0,0,0,0,0
MDA,Moldova,Cycling,0,0,0,0,0
MDA,Moldova,Diving,0,0,0,0,0
MDA,Moldova,Fencing,0,0,0,0,0
MDA,Moldova,Gymnastics,0,0,0,0,0
MDA,Moldova,Judo,6,2,0,1,0
MDA,Moldova,Karate,0,0,0,0,0
MDA,Moldova,Sambo,0,0,0,0,0
MDA,Moldova,Shooting,0,0,0,0,0
MDA,Moldova,Swimming,0,0,0,0,0
MDA,Moldova,Synchronized Swimming,4,2,0,1,0
MDA,Moldova,Table Tennis,0,0,0,0,0
MDA,Moldova,Taekwondo,5,1,0,0,1
MDA,Moldova,Triathlon,0,0,0,0,0
MDA,Moldova,Volleyball,6,1,0,0,1
MDA,Moldova,Water Polo,4,1,0,0,1
MDA,Moldova,Wrestling,0,0,0,0,0
CYP,Cyprus,Archery,4,1,0,0,1
CYP,Cyprus,Athletics,0,0,0,0,0
CYP,Cyprus,Badminton,4,1,0,0,1
CYP,Cyprus,Basketball 3x3,3,0,0,0,0
CYP,Cyprus,Beach Soccer,0,0,0,0,0
CYP,Cyprus,Beach Volleyball,3,0,0,0,0
CYP,Cyprus,Boxing,0,0,0,0,0
CYP,Cyprus,Canoe Sprint,0,0,0,0,0
CYP,Cyprus,Cycling,0,0,0,0,0
CYP,Cyprus,Diving,0,0,0,0,0
CYP,Cyprus,Fencing,3,2,0,1,0
CYP,Cyprus,Gymnastics,0,0,0,0,0
CYP,Cyprus,Judo,0,0,0,0,0
CYP,Cyprus,Karate,0,0,0,0,0
CYP,Cyprus,Sambo,4,1,0,0,1
CYP,Cyprus,Shooting,4,1,0,0,1
CYP,Cyprus,Swimming,0,0,0,0,0
CYP,Cyprus,Synchronized Swimming,0,0,0,0,0
CYP,Cyprus,Table Tennis,5,0,0,0,0
CYP,Cyprus,Taekwondo,0,0,0,0,0
CYP,Cyprus,Triathlon,0,0,0,0,0
CYP,Cyprus,Volleyball,6,1,0,0,1
CYP,Cyprus,Water Polo,0,0,0,0,0
CYP,Cyprus,Wrestling,0,0,0,0,0
ISL,Iceland,Archery,0,0,0,0,0
ISL,Iceland,Athletics,3,0,0,0,0
ISL,Iceland,Badminton,0,0,0,0,0
ISL,Iceland,Basketball 3x3,0,0,0,0,0
ISL,Iceland,Beach Soccer,4,2,0,1,0
ISL,Iceland,Beach Volleyball,0,0,0,0,0
ISL,Iceland,Boxing,7,1,0,0,1
ISL,Iceland,Canoe Sprint,0,0,0,0,0
ISL,Iceland,Cycling,4,2,0,1,0
ISL,Iceland,Diving,0,0,0,0,0
ISL,Iceland,Fencing,0,0,0,0,0
ISL,Iceland,Gymnastics,0,0,0,0,0
ISL,Iceland,Judo,0,0,0,0,0
ISL,Iceland,Karate,0,0,0,0,0
ISL,Iceland,Sambo,0,0,0,0,0
ISL,Iceland,Shooting,0,0,0,0,0
ISL,Iceland,Swimming,0,0,0,0,0
ISL,Iceland,Synchronized Swimming,0,0,0,0,0
ISL,Iceland,Table Tennis,0,0,0,0,0
ISL,Iceland,Taekwondo,0,0,0,0,0
ISL,Iceland,Triathlon,0,0,0,0,0
ISL,Iceland,Volleyball,0,0,0,0,0
ISL,Iceland,Water Polo,0,0,0,0,0
ISL,Iceland,Wrestling,7,2,0,1,0
ALB,Albania,Archery,0,0,0,0,0
ALB,Albania,Athletics,0,0,0,0,0
ALB,Albania,Badminton,4,2,0,1,0
ALB,Albania,Basketball 3x3,0,0,0,0,0
ALB,Albania,Beach Soccer,0,0,0,0,0
ALB,Albania,Beach Volleyball,0,0,0,0,0
ALB,Albania,Boxing,0,0,0,0,0
ALB,Albania,Canoe Sprint,5,2,0,1,0
ALB,Albania,Cycling,0,0,0,0,0
ALB,Albania,Diving,0,0,0,0,0
ALB,Albania,Fencing,0,0,0,0,0
ALB,Albania,Gymnastics,0,0,0,0,0
ALB,Albania,Judo,7,0,0,0,0
ALB,Albania,Karate,0,0,0,0,0
ALB,Albania,Sambo,6,0,0,0,0
ALB,Albania,Shooting,7,2,0,1,0
ALB,Albania,Swimming,0,0,0,0,0
ALB,Albania,Synchronized Swimming,0,0,0,0,0
ALB,Albania,Table Tennis,0,0,0,0,0
ALB,Albania,Taekwondo,4,0,0,0,0
ALB,Albania,Triathlon,4,0,0,0,0
ALB,Albania,Volleyball,5,2,0,1,0
ALB,Albania,Water Polo,0,0,0,0,0
ALB,Albania,Wrestling,0,0,0,0,0
BIH,Bosnia and Herzegovina,Archery,0,0,0,0,0
BIH,Bosnia and Herzegovina,Athletics,4,2,0,1,0
BIH,Bosnia and Herzegovina,Badminton,0,0,0,0,0
BIH,Bosnia and Herzegovina,Basketball 3x3,7,2,0,1,0
BIH,Bosnia and Herzegovina,Beach Soccer,5,1,0,0,1
BIH,Bosnia and Herzegovina,Beach Volleyball,0,0,0,0,0
BIH,Bosnia and Herzegovina,Boxing,3,0,0,0,0
BIH,Bosnia and Herzegovina,Canoe Sprint,0,0,0,0,0
BIH,Bosnia and Herzegovina,Cycling,0,0,0,0,0
BIH,Bosnia and Herzegovina,Diving,0,0,0,0,0
BIH,Bosnia and Herzegovina,Fencing,0,0,0,0,0
BIH,Bosnia and Herzegovina,Gymnastics,0,0,0,0,0
BIH,Bosnia and Herzegovina,Judo,0,0,0,0,0
BIH,Bosnia and Herzegovina,Karate,6,2,0,1,0
BIH,Bosnia and Herzegovina,Sambo,0,0,0,0,0
BIH,Bosnia and Herzegovina,Shooting,0,0,0,0,0
BIH,Bosnia and Herzegovina,Swimming,3,1,0,0,1
BIH,Bosnia and Herzegovina,Synchronized Swimming,0,0,0,0,0
BIH,Bosnia and Herzegovina,Table Tennis,0,0,0,0,0
BIH,Bosnia and Herzegovina,Taekwondo,6,1,0,0,1
BIH,Bosnia and Herzegovina,Triathlon,0,0,0,0,0
BIH,Bosnia and Herzegovina,Volleyball,0,0,0,0,0
BIH,Bosnia and Herzegovina,Water Polo,0,0,0,0,0
BIH,Bosnia and Herzegovina,Wrestling,0,0,0,0,0
LUX,Luxembourg,Archery,0,0,0,0,0
LUX,Luxembourg,Athletics,7,2,0,1,0
LUX,Luxembourg,Badminton,4,2,0,1,0
LUX,Luxembourg,Basketball 3x3,7,0,0,0,0
LUX,Luxembourg,Beach Soccer,6,0,0,0,0
LUX,Luxembourg,Beach Volleyball,0,0,0,0,0
LUX,Luxembourg,Boxing,0,0,0,0,0
LUX,Luxembourg,Canoe Sprint,0,0,0,0,0
LUX,Luxembourg,Cycling,0,0,0,0,0
LUX,Luxembourg,Diving,0,0,0,0,0
LUX,Luxembourg,Fencing,6,1,0,0,1
LUX,Luxembourg,Gymnastics,7,1,0,0,1
LUX,Luxembourg,Judo,0,0,0,0,0
LUX,Luxembourg,Karate,0,0,0,0,0
LUX,Luxembourg,Sambo,0,0,0,0,0
LUX,Luxembourg,Shooting,0,0,0,0,0
LUX,Luxembourg,Swimming,0,0,0,0,0
LUX,Luxembourg,Synchronized Swimming,0,0,0,0,0
LUX,Luxembourg,Table Tennis,0,0,0,0,0
LUX,Luxembourg,Taekwondo,0,0,0,0,0
LUX,Luxembourg,Triathlon,0,0,0,0,0
LUX,Luxembourg,Volleyball,7,2,0,1,0
LUX,Luxembourg,Water Polo,0,0,0,0,0
LUX,Luxembourg,Wrestling,0,0,0,0,0
MLT,Malta,Archery,0,0,0,0,0
MLT,Malta,Athletics,0,0,0,0,0
MLT,Malta,Badminton,4,1,0,0,1
MLT,Malta,Basketball 3x3,0,0,0,0,0
MLT,Malta,Beach Soccer,4,2,0,1,0
MLT,Malta,Beach Volleyball,0,0,0,0,0
MLT,Malta,Boxing,0,0,0,0,0
MLT,Malta,Canoe Sprint,0,0,0,0,0
MLT,Malta,Cycling,0,0,0,0,0
MLT,Malta,Diving,3,2,0,1,0
MLT,Malta,Fencing,0,0,0,0,0
MLT,Malta,Gymnastics,0,0,0,0,0
MLT,Malta,Judo,0,0,0,0,0
MLT,Malta,Karate,0,0,0,0,0
MLT,Malta,Sambo,4,0,0,0,0
MLT,Malta,Shooting,0,0,0,0,0
MLT,Malta,Swimming,0,0,0,0,0
MLT,Malta,Synchronized Swimming,0,0,0,0,0
MLT,Malta,Table Tennis,0,0,0,0,0
MLT,Malta,Taekwondo,0,0,0,0,0
MLT,Malta,Triathlon,3,1,0,0,1
MLT,Malta,Volleyball,0,0,0,0,0
MLT,Malta,Water Polo,0,0,0,0,0
MLT,Malta,Wrestling,0,0,0,0,0
MON,Monaco,Archery,0,0,0,0,0
MON,Monaco,Athletics,0,0,0,0,0
MON,Monaco,Badminton,0,0,0,0,0
MON,Monaco,Basketball 3x3,0,0,0,0,0
MON,Monaco,Beach Soccer,5,0,0,0,0
MON,Monaco,Beach Volleyball,0,0,0,0,0
MON,Monaco,Boxing,4,0,0,0,0
MON,Monaco,Canoe Sprint,3,0,0,0,0
MON,Monaco,Cycling,0,0,0,0,0
MON,Monaco,Diving,0,0,0,0,0
MON,Monaco,Fencing,0,0,0,0,0
MON,Monaco,Gymnastics,5,2,0,1,0
MON,Monaco,Judo,0,0,0,0,0
MON,Monaco,Karate,6,1,0,0,1
MON,Monaco,Sambo,0,0,0,0,0
MON,Monaco,Shooting,7,2,0,1,0
MON,Monaco,Swimming,0,0,0,0,0
MON,Monaco,Synchronized Swimming,0,0,0,0,0
MON,Monaco,Table Tennis,0,0,0,0,0
MON,Monaco,Taekwondo,0,0,0,0,0
MON,Monaco,Triathlon,0,0,0,0,0
MON,Monaco,Volleyball,0,0,0,0,0
MON,Monaco,Water Polo,0,0,0,0,0
MON,Monaco,Wrestling,0,0,0,0,0
MNE,Montenegro,Archery,0,0,0,0,0
MNE,Montenegro,Athletics,0,0,0,0,0
MNE,Montenegro,Badminton,0,0,0,0,0
MNE,Montenegro,Basketball 3x3,0,0,0,0,0
MNE,Montenegro,Beach Soccer,0,0,0,0,0
MNE,Montenegro,Beach Volleyball,7,2,0,1,0
MNE,Montenegro,Boxing,0,0,0,0,0
MNE,Montenegro,Canoe Sprint,0,0,0,0,0
MNE,Montenegro,Cycling,6,0,0,0,0
MNE,Montenegro,Diving,0,0,0,0,0
MNE,Montenegro,Fencing,0,0,0,0,0
MNE,Montenegro,Gymnastics,0,0,0,0,0
MNE,Montenegro,Judo,0,0,0,0,0
MNE,Montenegro,Karate,0,0,0,0,0
MNE,Montenegro,Sambo,5,1,0,0,1
MNE,Montenegro,Shooting,0,0,0,0,0
MNE,Montenegro,Swimming,4,1,0,0,1
MNE,Montenegro,Synchronized Swimming,4,0,0,0,0
MNE,Montenegro,Table Tennis,6,2,0,1,0
MNE,Montenegro,Taekwondo,0,0,0,0,0
MNE,Montenegro,Triathlon,0,0,0,0,0
MNE,Montenegro,Volleyball,0,0,0,0,0
MNE,Montenegro,Water Polo,5,2,0,1,0
MNE,Montenegro,Wrestling,0,0,0,0,0
SMR,San Marino,Archery,0,0,0,0,0
SMR,San Marino,Athletics,5,0,0,0,0
SMR,San Marino,Badminton,0,0,0,0,0
SMR,San Marino,Basketball 3x3,0,0,0,0,0
SMR,San Marino,Beach Soccer,0,0,0,0,0
SMR,San Marino,Beach Volleyball,0,0,0,0,0
SMR,San Marino,Boxing,5,0,0,0,0
SMR,San Marino,Canoe Sprint,0,0,0,0,0
SMR,San Marino,Cycling,0,0,0,0,0
SMR,San Marino,Diving,0,0,0,0,0
SMR,San Marino,Fencing,0,0,0,0,0
SMR,San Marino,Gymnastics,0,0,0,0,0
SMR,San Marino,Judo,6,2,0,1,0
SMR,San Marino,Karate,0,0,0,0,0
SMR,San Marino,Sambo,0,0,0,0,0
SMR,San Marino,Shooting,0,0,0,0,0
SMR,San Marino,Swimming,5,2,0,1,0
SMR,San Marino,Synchronized Swimming,0,0,0,0,0
SMR,San Marino,Table Tennis,6,2,0,1,0
SMR,San Marino,Taekwondo,0,0,0,0,0
SMR,San Marino,Triathlon,3,1,0,0,1
SMR,San Marino,Volleyball,4,2,0,1,0
SMR,San Marino,Water Polo,0,0,0,0,0
SMR,San Marino,Wrestling,0,0,0,0,0
AND,Andorra,Archery,0,0,0,0,0
AND,Andorra,Athletics,0,0,0,0,0
AND,Andorra,Badminton,0,0,0,0,0
AND,Andorra,Basketball 3x3,0,0,0,0,0
AND,Andorra,Beach Soccer,6,0,0,0,0
AND,Andorra,Beach Volleyball,0,0,0,0,0
AND,Andorra,Boxing,0,0,0,0,0
AND,Andorra,Canoe Sprint,0,0,0,0,0
AND,Andorra,Cycling,5,1,0,0,1
AND,Andorra,Diving,0,0,0,0,0
AND,Andorra,Fencing,5,0,0,0,0
AND,Andorra,Gymnastics,0,0,0,0,0
AND,Andorra,Judo,0,0,0,0,0
AND,Andorra,Karate,0,0,0,0,0
AND,Andorra,Sambo,0,0,0,0,0
AND,Andorra,Shooting,4,0,0,0,0
AND,Andorra,Swimming,0,0,0,0,0
AND,Andorra,Synchronized Swimming,5,2,0,1,0
AND,Andorra,Table Tennis,3,1,0,0,1
AND,Andorra,Taekwondo,7,2,0,1,0
AND,Andorra,Triathlon,0,0,0,0,0
AND,Andorra,Volleyball,0,0,0,0,0
AND,Andorra,Water Polo,0,0,0,0,0
AND,Andorra,Wrestling,0,0,0,0,0
KOS,Kosovo,Archery,0,0,0,0,0
KOS,Kosovo,Athletics,0,0,0,0,0
KOS,Kosovo,Badminton,0,0,0,0,0
KOS,Kosovo,Basketball 3x3,5,2,0,1,0
KOS,Kosovo,Beach Soccer,3,2,0,1,0
KOS,Kosovo,Beach Volleyball,5,2,0,1,0
KOS,Kosovo,Boxing,0,0,0,0,0
KOS,Kosovo,Canoe Sprint,0,0,0,0,0
KOS,Kosovo,Cycling,4,0,0,0,0
KOS,Kosovo,Diving,6,2,0,1,0
KOS,Kosovo,Fencing,0,0,0,0,0
KOS,Kosovo,Gymnastics,0,0,0,0,0
KOS,Kosovo,Judo,0,0,0,0,0
KOS,Kosovo,Karate,7,2,0,1,0
KOS,Kosovo,Sambo,0,0,0,0,0
KOS,Kosovo,Shooting,0,0,0,0,0
KOS,Kosovo,Swimming,4,2,0,1,0
KOS,Kosovo,Synchronized Swimming,0,0,0,0,0
KOS,Kosovo,Table Tennis,0,0,0,0,0
KOS,Kosovo,Taekwondo,0,0,0,0,0
KOS,Kosovo,Triathlon,0,0,0,0,0
KOS,Kosovo,Volleyball,0,0,0,0,0
KOS,Kosovo,Water Polo,0,0,0,0,0
KOS,Kosovo,Wrestling,0,0,0,0,0
LIE,Liechtenstein,Archery,0,0,0,0,0
LIE,Liechtenstein,Athletics,0,0,0,0,0
LIE,Liechtenstein,Badminton,6,2,0,1,0
LIE,Liechtenstein,Basketball 3x3,0,0,0,0,0
LIE,Liechtenstein,Beach Soccer,6,1,0,0,1
LIE,Liechtenstein,Beach Volleyball,0,0,0,0,0
LIE,Liechtenstein,Boxing,0,0,0,0,0
LIE,Liechtenstein,Canoe Sprint,0,0,0,0,0
LIE,Liechtenstein,Cycling,0,0,0,0,0
LIE,Liechtenstein,Diving,7,1,0,0,1
LIE,Liechtenstein,Fencing,0,0,0,0,0
LIE,Liechtenstein,Gymnastics,0,0,0,0,0
LIE,Liechtenstein,Judo,7,0,0,0,0
LIE,Liechtenstein,Karate,0,0,0,0,0
LIE,Liechtenstein,Sambo,6,0,0,0,0
LIE,Liechtenstein,Shooting,0,0,0,0,0
LIE,Liechtenstein,Swimming,0,0,0,0,0
LIE,Liechtenstein,Synchronized Swimming,0,0,0,0,0
LIE,Liechtenstein,Table Tennis,6,1,0,0,1
LIE,Liechtenstein,Taekwondo,0,0,0,0,0
LIE,Liechtenstein,Triathlon,0,0,0,0,0
LIE,Liechtenstein,Volleyball,0,0,0,0,0
LIE,Liechtenstein,Water Polo,0,0,0,0,0
LIE,Liechtenstein,Wrestling,7,2,0,1,0
MKD,Macedonia,Archery,3,1,0,0,1
MKD,Macedonia,Athletics,6,2,0,1,0
MKD,Macedonia,Badminton,7,0,0,0,0
MKD,Macedonia,Basketball 3x3,0,0,0,0,0
MKD,Macedonia,Beach Soccer,3,1,0,0,1
MKD,Macedonia,Beach Volleyball,0,0,0,0,0
MKD,Macedonia,Boxing,6,1,0,0,1
MKD,Macedonia,Canoe Sprint,7,0,0,0,0
MKD,Macedonia,Cycling,0,0,0,0,0
MKD,Macedonia,Diving,3,2,0,1,0
MKD,Macedonia,Fencing,0,0,0,0,0
MKD,Macedonia,Gymnastics,0,0,0,0,0
MKD,Macedonia,Judo,4,2,0,1,0
MKD,Macedonia,Karate,0,0,0,0,0
MKD,Macedonia,Sambo,0,0,0,0,0
MKD,Macedonia,Shooting,0,0,0,0,0
MKD,Macedonia,Swimming,0,0,0,0,0
MKD,Macedonia,Synchronized Swimming,5,0,0,0,0
MKD,Macedonia,Table Tennis,0,0,0,0,0
MKD,Macedonia,Taekwondo,0,0,0,0,0
MKD,Macedonia,Triathlon,0,0,0,0,0
MKD,Macedonia,Volleyball,0,0,0,0,0
MKD,Macedonia,Water Polo,6,0,0,0,0
MKD,Macedonia,Wrestling,3,2,0,1,0
